run,dice_mean,dice_lv_endocardium,dice_lv_epicardium,dice_left_atrium,hd95_mean,assd_mean,latency_ms_mean,fps,params_M,gflops
E10_filled_n32,0.9105144094607184,0.9264081700979454,0.882348979458145,0.9227860788260648,3.8332128759513444,0.7610312548340946,46.79563850120758,21.36951288685151,2.689469,9.0819072
E10_seam_n32,0.9119196160344533,0.9335791599133296,0.8832217386074254,0.9189579495826046,3.8275885195989927,0.751355008775962,63.90665650120354,15.647822226174,2.689469,9.0819072
E11_best_seed0,0.9151155089271503,0.9419472870023164,0.8859845080078109,0.9174147317713235,3.7360938238152737,0.749086608245463,45.80874199818936,21.829894390889976,2.689469,9.0819072
E11_best_seed1,0.9063727747295482,0.9320376336570391,0.8738091299641981,0.9132715605674073,3.8705484585000374,0.7586097246346338,45.12361700166366,22.161344024419208,2.689469,9.0819072
E11_best_seed2,0.9125233644507964,0.9419285157045065,0.8775933286595269,0.9180482489883556,3.8208123651803465,0.7548418385043505,44.19627949988353,22.626338943363667,2.689469,9.0819072
E12_bw0,0.9151155089271503,0.9419472870023164,0.8859845080078109,0.9174147317713235,3.7360938238152737,0.749086608245463,45.80874199818936,21.829894390889976,2.689469,9.0819072
E12_bw100,0.9148934604487104,0.9432137915983719,0.8843273113297053,0.9171392784180534,3.7814377224143145,0.7459134044622939,26.17621249970398,38.20262385214472,2.689469,9.0819072
E12_bw20,0.9141263259703423,0.9412464764493522,0.8798274942462813,0.9213050072153933,3.93581091129519,0.7726660915314254,45.06606499955524,22.189645357540517,2.689469,9.0819072
E12_bw50,0.9116550661564594,0.9394345465696832,0.8774876199489021,0.9180430319507928,3.852792853576807,0.7603303703255361,26.543578498240095,37.67389540435561,2.689469,9.0819072
E13_adamw,0.9067026922046615,0.9367554695823702,0.8713239450364867,0.9120286619951279,3.9515219319309103,0.7920520009680354,26.427564000032362,37.83928023024655,2.689469,9.0819072
E13_box_double,0.9145463199471142,0.9382678224238878,0.8865710561779181,0.918800081239537,3.7489921635131123,0.7355567184861923,34.551057500001434,28.94267418587574,2.689469,9.0819072
E13_box_half,0.9152684796413504,0.9413458518236932,0.882329485247125,0.9221301018532331,3.788413082650383,0.7569711947639638,34.939497001614654,28.62090430076275,2.689469,9.0819072
E13_cls_double,0.9095371155406999,0.9372964748357756,0.8744717251930382,0.9168431465932858,3.8503672727121923,0.7625618737980525,44.05819750001683,22.697251742984218,2.689469,9.0819072
E13_dfl_double,0.9119698078492132,0.9423175754046659,0.8798175998650573,0.9137742482779163,3.8084664435785687,0.7457211754983484,27.798321999975997,35.973394365345634,2.689469,9.0819072
E13_sgd,0.9126352433801673,0.9373151292578672,0.884888898210244,0.9157017026723906,3.8849664388027194,0.7552394664153936,26.634708499923363,37.54499509551146,2.689469,9.0819072
E1_filled,0.9151155089271503,0.9419472870023164,0.8859845080078109,0.9174147317713235,3.7360938238152737,0.749086608245463,41.60529850005332,24.035400202662128,2.689469,9.0819072
E1_seam,0.9176604063180371,0.944059948382643,0.8878382147137267,0.9210830558577419,3.6989807351885964,0.7345620510812225,42.98595699990983,23.263411350876698,2.689469,9.0819072
E2_v11n,0.9109126844995277,0.9392906515507979,0.8749372526212376,0.9185101493265471,4.032916983855798,0.7784542991585195,40.85938000003807,24.474184385545453,2.835153,9.6329216
E2_v26m,0.9135134603842491,0.9433244889130868,0.8846883093625121,0.9125275828771479,3.816988999392677,0.7624933168298154,103.22366349999356,9.687701115162051,23.509781,121.4130176
E2_v26n,0.9151155089271503,0.9419472870023164,0.8859845080078109,0.9174147317713235,3.7360938238152737,0.749086608245463,41.60529850005332,24.035400202662128,2.689469,9.0819072
E2_v26s,0.9035401543614708,0.9380108557686218,0.8578034237895474,0.9148061835262429,3.8115697421367325,0.7474761523539525,39.8453460001474,25.09703391699248,10.366501,34.2959104
E2_v8n,0.9137449917260767,0.940509949923855,0.8813330829578899,0.9193919422964857,3.969541284190866,0.7734595417624113,38.61912450014643,25.893906528000354,3.258649,11.3436672
E3_sz512,0.9104049361728767,0.9359032725392938,0.8836084556089658,0.9117030803703702,3.920890772018514,0.7642057514393327,23.614445000093838,42.346961785298205,2.689469,5.784109056
E3_sz640,0.9151155089271503,0.9419472870023164,0.8859845080078109,0.9174147317713235,3.7360938238152737,0.749086608245463,41.60529850005332,24.035400202662128,2.689469,9.0819072
E3_sz800,0.9055544487052138,0.9342699558983625,0.8823779424611488,0.9000154477561304,3.7745250457107673,0.7384584824874989,51.64631849991565,19.362464335219425,2.689469,14.29848
E3_sz960,0.9108459162376142,0.9380700672400009,0.8813221485935178,0.9131455328793244,3.8133626675196854,0.7631320966968813,37.404291500279214,26.734900191667453,2.689469,20.7798912
E4_mr1,0.9118212462195112,0.940986577632907,0.8832617970167417,0.9112153640088851,3.8854914206649154,0.7621234805004339,27.878883999728714,35.86944154614406,2.689469,9.0819072
E4_mr2,0.9116763973227262,0.9383961514804259,0.8844615197845692,0.9121715207031833,3.843891534932725,0.7528546064979431,27.30862749980588,36.61846425665693,2.689469,9.0819072
E4_mr4,0.9151155089271503,0.9419472870023164,0.8859845080078109,0.9174147317713235,3.7360938238152737,0.749086608245463,41.60529850005332,24.035400202662128,2.689469,9.0819072
E5_coco,0.9121467082129225,0.928389372573227,0.8858127073091668,0.922238044756374,3.7577164388261766,0.7351075415813935,26.257085500401445,38.08495805769117,2.689469,9.0819072
E5_echo,0.9151155089271503,0.9419472870023164,0.8859845080078109,0.9174147317713235,3.7360938238152737,0.749086608245463,41.60529850005332,24.035400202662128,2.689469,9.0819072
E5_echo_fliplr,0.9094576840808735,0.9402223801600391,0.868971554855724,0.9191791172268572,3.9492464536006633,0.7774898008351996,43.76079999994545,22.85150180072683,2.689469,9.0819072
E5_none,0.9064038775225894,0.9286180304722336,0.8775630791305988,0.9130305229649358,4.06742383566884,0.7819957976305599,26.623346998821944,37.56101740492091,2.689469,9.0819072
E6_pretrained,0.9151155089271503,0.9419472870023164,0.8859845080078109,0.9174147317713235,3.7360938238152737,0.749086608245463,41.60529850005332,24.035400202662128,2.689469,9.0819072
E6_scratch,0.9059574255850359,0.9340539755118528,0.88083749560798,0.9029808056352749,3.932926940433964,0.7675119400357076,28.209464000319713,35.44909609018684,2.689469,9.0819072
E7_edes,0.9151155089271503,0.9419472870023164,0.8859845080078109,0.9174147317713235,3.7360938238152737,0.749086608245463,41.60529850005332,24.035400202662128,2.689469,9.0819072
E7_seq,0.9053574073246198,0.9363679918571671,0.875782155592849,0.9039220745238432,4.060118513052299,0.8222831583297576,42.217643999902066,23.686778921209335,2.689469,9.0819072
E8_n32,0.9105144094607184,0.9264081700979454,0.882348979458145,0.9227860788260648,3.8332128759513444,0.7610312548340946,42.00360600007116,23.807479767292026,2.689469,9.0819072
E8_n96,0.9151155089271503,0.9419472870023164,0.8859845080078109,0.9174147317713235,3.7360938238152737,0.749086608245463,41.60529850005332,24.035400202662128,2.689469,9.0819072
E9_seed0,0.9151155089271503,0.9419472870023164,0.8859845080078109,0.9174147317713235,3.7360938238152737,0.749086608245463,41.60529850005332,24.035400202662128,2.689469,9.0819072
E9_seed1,0.9063727747295482,0.9320376336570391,0.8738091299641981,0.9132715605674073,3.8705484585000374,0.7586097246346338,45.71441899934143,21.874936221204212,2.689469,9.0819072
E9_seed2,0.9125233644507964,0.9419285157045065,0.8775933286595269,0.9180482489883556,3.8208123651803465,0.7548418385043505,29.1686570001184,34.28337478807958,2.689469,9.0819072
I1_conf10,0.9166354798781743,0.9419472870023164,0.8859845080078109,0.9219746446243949,3.7403931935139867,0.7498927542104176,65.39336800124147,15.292070596226445,2.689469,9.0819072
I1_conf25,0.9151155089271503,0.9419472870023164,0.8859845080078109,0.9174147317713235,3.7360938238152737,0.749086608245463,45.26445599985891,22.09238966669824,2.689469,9.0819072
I1_conf50,0.9055235639723404,0.9282876206969592,0.8822283277089545,0.9060547435111072,3.699957311515883,0.7426402006745326,44.83864649999305,22.302189697009588,2.689469,9.0819072
I2_tta,0.9151155089271503,0.9419472870023164,0.8859845080078109,0.9174147317713235,3.7360938238152737,0.749086608245463,44.69364449963905,22.374545893389296,2.689469,9.0819072
I3_half,0.9151498050406645,0.941942200062821,0.8860021545749734,0.9175050604841991,3.737430053224042,0.7491297482810981,45.22258850149228,22.1128430091303,2.689469,9.0819072
